timestamp,week,tow,prn,sys,snr,azimuth,elevation,pseudorange,doppler,psr_residual,spp_x,spp_y,spp_z,gt_lat,gt_lon,gt_h
1606433055.002000,2656,84255.002000,13,1,42.000000,0.000000,0.000000,21237162.505172,1271.866699,0.000000,0.000000,0.000000,0.000000,0.000000,0.000000,0.000000
1606433055.002000,2656,84255.002000,5,1,39.000000,0.000000,0.000000,21779676.425491,-1344.203369,0.000000,0.000000,0.000000,0.000000,0.000000,0.000000,0.000000
1606433055.002000,2656,84255.002000,2,1,41.000000,0.000000,0.000000,22114773.147163,-73.966064,0.000000,0.000000,0.000000,0.000000,0.000000,0.000000,0.000000
1606433055.002000,2656,84255.002000,15,1,14.000000,0.000000,0.000000,22914951.072796,2805.496338,0.000000,0.000000,0.000000,0.000000,0.000000,0.000000,0.000000
1606433055.002000,2656,84255.002000,108,32,42.000000,0.000000,0.000000,24323618.714687,2062.200928,0.000000,0.000000,0.000000,0.000000,0.000000,0.000000,0.000000
1606433055.002000,2656,84255.002000,113,32,41.000000,0.000000,0.000000,37553681.950684,650.718262,0.000000,0.000000,0.000000,0.000000,0.000000,0.000000,0.000000
1606433055.002000,2656,84255.002000,131,32,46.000000,0.000000,0.000000,22874150.495271,805.800537,0.000000,0.000000,0.000000,0.000000,0.000000,0.000000,0.000000
1606433055.002000,2656,84255.002000,110,32,41.000000,0.000000,0.000000,37962924.068325,184.622070,0.000000,0.000000,0.000000,0.000000,0.000000,0.000000,0.000000
1606433055.002000,2656,84255.002000,118,32,47.000000,0.000000,0.000000,23125796.650743,-1777.992676,0.000000,0.000000,0.000000,0.000000,0.000000,0.000000,0.000000
1606433055.002000,2656,84255.002000,109,32,45.000000,0.000000,0.000000,22054526.830364,-653.906250,0.000000,0.000000,0.000000,0.000000,0.000000,0.000000,0.000000
1606433055.002000,2656,84255.002000,29,1,35.000000,0.000000,0.000000,23594334.614121,2374.208008,0.000000,0.000000,0.000000,0.000000,0.000000,0.000000,0.000000
1606433055.002000,2656,84255.002000,6,1,37.000000,0.000000,0.000000,24197911.643586,-2159.682129,0.000000,0.000000,0.000000,0.000000,0.000000,0.000000,0.000000
1606433055.002000,2656,84255.002000,105,32,42.000000,0.000000,0.000000,37832847.356260,267.310303,0.000000,0.000000,0.000000,0.000000,0.000000,0.000000,0.000000
1606433055.102000,2656,84255.102000,13,1,42.000000,0.000000,0.000000,21237138.274428,1272.414062,0.000000,0.000000,0.000000,0.000000,22.336558,114.268514,11.153000
1606433055.102000,2656,84255.102000,5,1,39.000000,0.000000,0.000000,21779701.983918,-1342.504395,0.000000,0.000000,0.000000,0.000000,22.336558,114.268514,11.153000
1606433055.102000,2656,84255.102000,2,1,41.000000,0.000000,0.000000,22114774.485664,-72.561035,0.000000,0.000000,0.000000,0.000000,22.336558,114.268514,11.153000
1606433055.102000,2656,84255.102000,15,1,14.000000,0.000000,0.000000,22914897.553397,2805.496338,0.000000,0.000000,0.000000,0.000000,22.336558,114.268514,11.153000
1606433055.102000,2656,84255.102000,108,32,42.000000,0.000000,0.000000,24323579.136058,2063.201904,0.000000,0.000000,0.000000,0.000000,22.336558,114.268514,11.153000
1606433055.102000,2656,84255.102000,113,32,41.000000,0.000000,0.000000,37553669.443764,651.382568,0.000000,0.000000,0.000000,0.000000,22.336558,114.268514,11.153000
1606433055.102000,2656,84255.102000,131,32,46.000000,0.000000,0.000000,22874135.035844,806.682373,0.000000,0.000000,0.000000,0.000000,22.336558,114.268514,11.153000
1606433055.102000,2656,84255.102000,110,32,41.000000,0.000000,0.000000,37962920.534865,185.850357,0.000000,0.000000,0.000000,0.000000,22.336558,114.268514,11.153000
1606433055.102000,2656,84255.102000,118,32,47.000000,0.000000,0.000000,23125830.777226,-1777.229736,0.000000,0.000000,0.000000,0.000000,22.336558,114.268514,11.153000
1606433055.102000,2656,84255.102000,109,32,45.000000,0.000000,0.000000,22054539.383213,-652.659912,0.000000,0.000000,0.000000,0.000000,22.336558,114.268514,11.153000
1606433055.102000,2656,84255.102000,29,1,35.000000,0.000000,0.000000,23594289.386298,2376.776123,0.000000,0.000000,0.000000,0.000000,22.336558,114.268514,11.153000
1606433055.102000,2656,84255.102000,6,1,37.000000,0.000000,0.000000,24197952.715466,-2159.897949,0.000000,0.000000,0.000000,0.000000,22.336558,114.268514,11.153000
1606433055.102000,2656,84255.102000,105,32,42.000000,0.000000,0.000000,37832842.170125,268.602539,0.000000,0.000000,0.000000,0.000000,22.336558,114.268514,11.153000
1606433055.202000,2656,84255.202000,13,1,42.000000,0.000000,0.000000,21237114.065531,1272.296387,0.000000,0.000000,0.000000,0.000000,22.336558,114.268514,11.153000
1606433055.202000,2656,84255.202000,5,1,39.000000,0.000000,0.000000,21779727.542554,-1343.225098,0.000000,0.000000,0.000000,0.000000,22.336558,114.268514,11.153000
1606433055.202000,2656,84255.202000,2,1,41.000000,0.000000,0.000000,22114775.899970,-73.438721,0.000000,0.000000,0.000000,0.000000,22.336558,114.268514,11.153000
1606433055.202000,2656,84255.202000,108,32,42.000000,0.000000,0.000000,24323539.572505,2062.164307,0.000000,0.000000,0.000000,0.000000,22.336558,114.268514,11.153000
1606433055.202000,2656,84255.202000,113,32,40.000000,0.000000,0.000000,37553656.915625,652.072754,0.000000,0.000000,0.000000,0.000000,22.336558,114.268514,11.153000
1606433055.202000,2656,84255.202000,131,32,45.000000,0.000000,0.000000,22874119.537328,806.359863,0.000000,0.000000,0.000000,0.000000,22.336558,114.268514,11.153000
1606433055.202000,2656,84255.202000,110,32,41.000000,0.000000,0.000000,37962916.971879,184.819580,0.000000,0.000000,0.000000,0.000000,22.336558,114.268514,11.153000
1606433055.202000,2656,84255.202000,118,32,46.000000,0.000000,0.000000,23125864.934980,-1777.565552,0.000000,0.000000,0.000000,0.000000,22.336558,114.268514,11.153000
1606433055.202000,2656,84255.202000,109,32,45.000000,0.000000,0.000000,22054551.913027,-652.977295,0.000000,0.000000,0.000000,0.000000,22.336558,114.268514,11.153000
1606433055.202000,2656,84255.202000,29,1,35.000000,0.000000,0.000000,23594244.184720,2375.509033,0.000000,0.000000,0.000000,0.000000,22.336558,114.268514,11.153000
1606433055.202000,2656,84255.202000,6,1,37.000000,0.000000,0.000000,24197993.794953,-2159.913086,0.000000,0.000000,0.000000,0.000000,22.336558,114.268514,11.153000
1606433055.202000,2656,84255.202000,105,32,41.000000,0.000000,0.000000,37832837.040389,267.851074,0.000000,0.000000,0.000000,0.000000,22.336558,114.268514,11.153000
1606433055.202000,2656,84255.202000,7,1,32.000000,0.000000,0.000000,26791848.721235,-750.364197,0.000000,0.000000,0.000000,0.000000,22.336558,114.268514,11.153000
1606433055.302000,2656,84255.302000,13,1,41.000000,0.000000,0.000000,21237089.899004,1270.341553,0.000000,0.000000,0.000000,0.000000,22.336558,114.268514,11.153000
1606433055.302000,2656,84255.302000,5,1,39.000000,0.000000,0.000000,21779753.212382,-1346.828613,0.000000,0.000000,0.000000,0.000000,22.336558,114.268514,11.153000
1606433055.302000,2656,84255.302000,2,1,41.000000,0.000000,0.000000,22114777.355178,-76.441650,0.000000,0.000000,0.000000,0.000000,22.336558,114.268514,11.153000
1606433055.302000,2656,84255.302000,108,32,42.000000,0.000000,0.000000,24323500.005463,2060.552979,0.000000,0.000000,0.000000,0.000000,22.336558,114.268514,11.153000
1606433055.302000,2656,84255.302000,113,32,40.000000,0.000000,0.000000,37553644.473759,649.662598,0.000000,0.000000,0.000000,0.000000,22.336558,114.268514,11.153000
1606433055.302000,2656,84255.302000,131,32,45.000000,0.000000,0.000000,22874104.070851,804.129639,0.000000,0.000000,0.000000,0.000000,22.336558,114.268514,11.153000
1606433055.302000,2656,84255.302000,110,32,40.000000,0.000000,0.000000,37962913.463688,182.598877,0.000000,0.000000,0.000000,0.000000,22.336558,114.268514,11.153000
1606433055.302000,2656,84255.302000,118,32,46.000000,0.000000,0.000000,23125899.106416,-1780.527344,0.000000,0.000000,0.000000,0.000000,22.336558,114.268514,11.153000
1606433055.302000,2656,84255.302000,109,32,45.000000,0.000000,0.000000,22054564.502452,-655.614014,0.000000,0.000000,0.000000,0.000000,22.336558,114.268514,11.153000
1606433055.302000,2656,84255.302000,29,1,34.000000,0.000000,0.000000,23594198.974556,2374.911865,0.000000,0.000000,0.000000,0.000000,22.336558,114.268514,11.153000
1606433055.302000,2656,84255.302000,6,1,37.000000,0.000000,0.000000,24198034.934889,-2162.106201,0.000000,0.000000,0.000000,0.000000,22.336558,114.268514,11.153000
1606433055.302000,2656,84255.302000,105,32,41.000000,0.000000,0.000000,37832831.917424,265.206055,0.000000,0.000000,0.000000,0.000000,22.336558,114.268514,11.153000
1606433055.302000,2656,84255.302000,7,1,28.000000,0.000000,0.000000,26791863.506945,-751.853760,0.000000,0.000000,0.000000,0.000000,22.336558,114.268514,11.153000
1606433055.402000,2656,84255.402000,13,1,42.000000,0.000000,0.000000,21237065.745390,1269.739990,0.000000,0.000000,0.000000,0.000000,22.336558,114.268514,11.153000
1606433055.402000,2656,84255.402000,5,1,39.000000,0.000000,0.000000,21779778.824835,-1345.200195,0.000000,0.000000,0.000000,0.000000,22.336558,114.268514,11.153000
1606433055.402000,2656,84255.402000,2,1,42.000000,0.000000,0.000000,22114778.825743,-76.608887,0.000000,0.000000,0.000000,0.000000,22.336558,114.268514,11.153000
1606433055.402000,2656,84255.402000,108,32,42.000000,0.000000,0.000000,24323460.423762,2060.540771,0.000000,0.000000,0.000000,0.000000,22.336558,114.268514,11.153000
1606433055.402000,2656,84255.402000,113,32,40.000000,0.000000,0.000000,37553632.003834,649.274902,0.000000,0.000000,0.000000,0.000000,22.336558,114.268514,11.153000
1606433055.402000,2656,84255.402000,131,32,45.000000,0.000000,0.000000,22874088.645417,803.481995,0.000000,0.000000,0.000000,0.000000,22.336558,114.268514,11.153000
1606433055.402000,2656,84255.402000,110,32,40.000000,0.000000,0.000000,37962909.973435,182.866455,0.000000,0.000000,0.000000,0.000000,22.336558,114.268514,11.153000
1606433055.402000,2656,84255.402000,118,32,46.000000,0.000000,0.000000,23125933.295161,-1780.458496,0.000000,0.000000,0.000000,0.000000,22.336558,114.268514,11.153000
1606433055.402000,2656,84255.402000,109,32,45.000000,0.000000,0.000000,22054577.114911,-656.048584,0.000000,0.000000,0.000000,0.000000,22.336558,114.268514,11.153000
1606433055.402000,2656,84255.402000,29,1,34.000000,0.000000,0.000000,23594153.776677,2374.970459,0.000000,0.000000,0.000000,0.000000,22.336558,114.268514,11.153000
1606433055.402000,2656,84255.402000,6,1,37.000000,0.000000,0.000000,24198076.054163,-2161.499023,0.000000,0.000000,0.000000,0.000000,22.336558,114.268514,11.153000
1606433055.402000,2656,84255.402000,105,32,41.000000,0.000000,0.000000,37832826.845972,265.237305,0.000000,0.000000,0.000000,0.000000,22.336558,114.268514,11.153000
1606433055.402000,2656,84255.402000,119,32,41.000000,0.000000,0.000000,26462501.877026,-3031.836182,0.000000,0.000000,0.000000,0.000000,22.336558,114.268514,11.153000
1606433055.402000,2656,84255.402000,7,1,32.000000,0.000000,0.000000,26791878.446146,-752.439880,0.000000,0.000000,0.000000,0.000000,22.336558,114.268514,11.153000
1606433055.502000,2656,84255.502000,13,1,42.000000,0.000000,0.000000,21237041.535516,1271.284180,0.000000,0.000000,0.000000,0.000000,22.336558,114.268514,11.153000
1606433055.502000,2656,84255.502000,5,1,39.000000,0.000000,0.000000,21779804.385983,-1344.135498,0.000000,0.000000,0.000000,0.000000,22.336558,114.268514,11.153000
1606433055.502000,2656,84255.502000,2,1,43.000000,0.000000,0.000000,22114780.264758,-73.920898,0.000000,0.000000,0.000000,0.000000,22.336558,114.268514,11.153000
1606433055.502000,2656,84255.502000,108,32,42.000000,0.000000,0.000000,24323420.828380,2062.164307,0.000000,0.000000,0.000000,0.000000,22.336558,114.268514,11.153000
1606433055.502000,2656,84255.502000,113,32,40.000000,0.000000,0.000000,37553619.501381,650.919922,0.000000,0.000000,0.000000,0.000000,22.336558,114.268514,11.153000
1606433055.502000,2656,84255.502000,131,32,45.000000,0.000000,0.000000,22874073.139084,805.258057,0.000000,0.000000,0.000000,0.000000,22.336558,114.268514,11.153000
1606433055.502000,2656,84255.502000,110,32,40.000000,0.000000,0.000000,37962906.450864,184.492432,0.000000,0.000000,0.000000,0.000000,22.336558,114.268514,11.153000
1606433055.502000,2656,84255.502000,118,32,46.000000,0.000000,0.000000,23125967.423181,-1778.665771,0.000000,0.000000,0.000000,0.000000,22.336558,114.268514,11.153000
1606433055.502000,2656,84255.502000,109,32,45.000000,0.000000,0.000000,22054589.668319,-654.440918,0.000000,0.000000,0.000000,0.000000,22.336558,114.268514,11.153000
1606433055.502000,2656,84255.502000,29,1,34.000000,0.000000,0.000000,23594108.548645,2374.967529,0.000000,0.000000,0.000000,0.000000,22.336558,114.268514,11.153000
1606433055.502000,2656,84255.502000,6,1,37.000000,0.000000,0.000000,24198117.153125,-2160.454834,0.000000,0.000000,0.000000,0.000000,22.336558,114.268514,11.153000
1606433055.502000,2656,84255.502000,105,32,41.000000,0.000000,0.000000,37832821.710093,267.035645,0.000000,0.000000,0.000000,0.000000,22.336558,114.268514,11.153000
1606433055.502000,2656,84255.502000,119,32,40.000000,0.000000,0.000000,26462558.984818,-3033.642578,0.000000,0.000000,0.000000,0.000000,22.336558,114.268514,11.153000
1606433055.502000,2656,84255.502000,7,1,32.000000,0.000000,0.000000,26791892.289055,-750.765381,0.000000,0.000000,0.000000,0.000000,22.336558,114.268514,11.153000
1606433055.602000,2656,84255.602000,13,1,42.000000,0.000000,0.000000,21237017.347629,1272.219238,0.000000,0.000000,0.000000,0.000000,22.336558,114.268514,11.153000
1606433055.602000,2656,84255.602000,5,1,39.000000,0.000000,0.000000,21779829.970166,-1343.130371,0.000000,0.000000,0.000000,0.000000,22.336558,114.268514,11.153000
1606433055.602000,2656,84255.602000,2,1,43.000000,0.000000,0.000000,22114781.709915,-74.138184,0.000000,0.000000,0.000000,0.000000,22.336558,114.268514,11.153000
1606433055.602000,2656,84255.602000,108,32,42.000000,0.000000,0.000000,24323381.198098,2063.238525,0.000000,0.000000,0.000000,0.000000,22.336558,114.268514,11.153000
1606433055.602000,2656,84255.602000,113,32,40.000000,0.000000,0.000000,37553606.973102,651.856689,0.000000,0.000000,0.000000,0.000000,22.336558,114.268514,11.153000
1606433055.602000,2656,84255.602000,131,32,45.000000,0.000000,0.000000,22874057.687056,807.011963,0.000000,0.000000,0.000000,0.000000,22.336558,114.268514,11.153000
1606433055.602000,2656,84255.602000,110,32,40.000000,0.000000,0.000000,37962902.882992,184.894531,0.000000,0.000000,0.000000,0.000000,22.336558,114.268514,11.153000
1606433055.602000,2656,84255.602000,118,32,46.000000,0.000000,0.000000,23126001.573536,-1777.369385,0.000000,0.000000,0.000000,0.000000,22.336558,114.268514,11.153000
1606433055.602000,2656,84255.602000,109,32,45.000000,0.000000,0.000000,22054602.244621,-652.712402,0.000000,0.000000,0.000000,0.000000,22.336558,114.268514,11.153000
1606433055.602000,2656,84255.602000,29,1,34.000000,0.000000,0.000000,23594063.321519,2376.649658,0.000000,0.000000,0.000000,0.000000,22.336558,114.268514,11.153000
1606433055.602000,2656,84255.602000,6,1,37.000000,0.000000,0.000000,24198158.279170,-2160.652832,0.000000,0.000000,0.000000,0.000000,22.336558,114.268514,11.153000
1606433055.602000,2656,84255.602000,105,32,41.000000,0.000000,0.000000,37832816.525634,268.156982,0.000000,0.000000,0.000000,0.000000,22.336558,114.268514,11.153000
1606433055.602000,2656,84255.602000,119,32,40.000000,0.000000,0.000000,26462616.391148,-3034.479492,0.000000,0.000000,0.000000,0.000000,22.336558,114.268514,11.153000
1606433055.602000,2656,84255.602000,7,1,32.000000,0.000000,0.000000,26791907.514579,-751.841553,0.000000,0.000000,0.000000,0.000000,22.336558,114.268514,11.153000
1606433055.702000,2656,84255.702000,13,1,42.000000,0.000000,0.000000,21236993.103902,1272.738037,0.000000,0.000000,0.000000,0.000000,22.336558,114.268514,11.153000
1606433055.702000,2656,84255.702000,5,1,39.000000,0.000000,0.000000,21779855.513307,-1342.537842,0.000000,0.000000,0.000000,0.000000,22.336558,114.268514,11.153000
1606433055.702000,2656,84255.702000,2,1,43.000000,0.000000,0.000000,22114783.092112,-72.738037,0.000000,0.000000,0.000000,0.000000,22.336558,114.268514,11.153000
1606433055.702000,2656,84255.702000,108,32,42.000000,0.000000,0.000000,24323341.563907,2062.890625,0.000000,0.000000,0.000000,0.000000,22.336558,114.268514,11.153000
1606433055.702000,2656,84255.702000,113,32,40.000000,0.000000,0.000000,37553594.466182,652.245605,0.000000,0.000000,0.000000,0.000000,22.336558,114.268514,11.153000
1606433055.702000,2656,84255.702000,131,32,45.000000,0.000000,0.000000,22874042.176185,806.337646,0.000000,0.000000,0.000000,0.000000,22.336558,114.268514,11.153000
1606433055.702000,2656,84255.702000,110,32,40.000000,0.000000,0.000000,37962899.287410,186.190689,0.000000,0.000000,0.000000,0.000000,22.336558,114.268514,11.153000
1606433055.702000,2656,84255.702000,118,32,46.000000,0.000000,0.000000,23126035.718865,-1777.116211,0.000000,0.000000,0.000000,0.000000,22.336558,114.268514,11.153000
1606433055.702000,2656,84255.702000,109,32,45.000000,0.000000,0.000000,22054614.757404,-652.668457,0.000000,0.000000,0.000000,0.000000,22.336558,114.268514,11.153000
1606433055.702000,2656,84255.702000,29,1,34.000000,0.000000,0.000000,23594018.111355,2375.961914,0.000000,0.000000,0.000000,0.000000,22.336558,114.268514,11.153000
1606433055.702000,2656,84255.702000,6,1,37.000000,0.000000,0.000000,24198199.359565,-2158.974365,0.000000,0.000000,0.000000,0.000000,22.336558,114.268514,11.153000
1606433055.702000,2656,84255.702000,105,32,41.000000,0.000000,0.000000,37832811.360858,268.620117,0.000000,0.000000,0.000000,0.000000,22.336558,114.268514,11.153000
1606433055.702000,2656,84255.702000,119,32,38.000000,0.000000,0.000000,26462674.308211,-3032.478760,0.000000,0.000000,0.000000,0.000000,22.336558,114.268514,11.153000
1606433055.702000,2656,84255.702000,7,1,28.000000,0.000000,0.000000,26791922.657459,-751.959167,0.000000,0.000000,0.000000,0.000000,22.336558,114.268514,11.153000
1606433055.802000,2656,84255.802000,13,1,42.000000,0.000000,0.000000,21236968.935770,1269.064941,0.000000,0.000000,0.000000,0.000000,22.336558,114.268514,11.153000
1606433055.802000,2656,84255.802000,5,1,39.000000,0.000000,0.000000,21779881.091417,-1345.166504,0.000000,0.000000,0.000000,0.000000,22.336558,114.268514,11.153000
1606433055.802000,2656,84255.802000,2,1,43.000000,0.000000,0.000000,22114784.508372,-75.499268,0.000000,0.000000,0.000000,0.000000,22.336558,114.268514,11.153000
1606433055.802000,2656,84255.802000,108,32,43.000000,0.000000,0.000000,24323301.971318,2060.937500,0.000000,0.000000,0.000000,0.000000,22.336558,114.268514,11.153000
1606433055.802000,2656,84255.802000,113,32,40.000000,0.000000,0.000000,37553582.038555,648.581787,0.000000,0.000000,0.000000,0.000000,22.336558,114.268514,11.153000
1606433055.802000,2656,84255.802000,131,32,45.000000,0.000000,0.000000,22874026.726042,804.029053,0.000000,0.000000,0.000000,0.000000,22.336558,114.268514,11.153000
1606433055.802000,2656,84255.802000,110,32,40.000000,0.000000,0.000000,37962895.741875,183.494385,0.000000,0.000000,0.000000,0.000000,22.336558,114.268514,11.153000
1606433055.802000,2656,84255.802000,118,32,46.000000,0.000000,0.000000,23126069.887648,-1779.543457,0.000000,0.000000,0.000000,0.000000,22.336558,114.268514,11.153000
1606433055.802000,2656,84255.802000,109,32,45.000000,0.000000,0.000000,22054627.335800,-655.970459,0.000000,0.000000,0.000000,0.000000,22.336558,114.268514,11.153000
1606433055.802000,2656,84255.802000,29,1,34.000000,0.000000,0.000000,23593972.905729,2375.564941,0.000000,0.000000,0.000000,0.000000,22.336558,114.268514,11.153000
1606433055.802000,2656,84255.802000,6,1,37.000000,0.000000,0.000000,24198240.496429,-2161.055176,0.000000,0.000000,0.000000,0.000000,22.336558,114.268514,11.153000
1606433055.802000,2656,84255.802000,105,32,41.000000,0.000000,0.000000,37832806.238870,266.223877,0.000000,0.000000,0.000000,0.000000,22.336558,114.268514,11.153000
1606433055.802000,2656,84255.802000,119,32,38.000000,0.000000,0.000000,26462731.888764,-3033.358887,0.000000,0.000000,0.000000,0.000000,22.336558,114.268514,11.153000
1606433055.902000,2656,84255.902000,13,1,42.000000,0.000000,0.000000,21236944.768125,1268.643311,0.000000,0.000000,0.000000,0.000000,22.336558,114.268514,11.153000
1606433055.902000,2656,84255.902000,5,1,39.000000,0.000000,0.000000,21779906.712525,-1345.584595,0.000000,0.000000,0.000000,0.000000,22.336558,114.268514,11.153000
1606433055.902000,2656,84255.902000,2,1,42.000000,0.000000,0.000000,22114785.946269,-76.911621,0.000000,0.000000,0.000000,0.000000,22.336558,114.268514,11.153000
1606433055.902000,2656,84255.902000,108,32,43.000000,0.000000,0.000000,24323262.409999,2060.968018,0.000000,0.000000,0.000000,0.000000,22.336558,114.268514,11.153000
1606433055.902000,2656,84255.902000,113,32,40.000000,0.000000,0.000000,37553569.594456,648.136719,0.000000,0.000000,0.000000,0.000000,22.336558,114.268514,11.153000
1606433055.902000,2656,84255.902000,131,32,46.000000,0.000000,0.000000,22874011.308565,803.439209,0.000000,0.000000,0.000000,0.000000,22.336558,114.268514,11.153000
1606433055.902000,2656,84255.902000,110,32,40.000000,0.000000,0.000000,37962892.223911,183.157959,0.000000,0.000000,0.000000,0.000000,22.336558,114.268514,11.153000
1606433055.902000,2656,84255.902000,118,32,46.000000,0.000000,0.000000,23126104.074021,-1780.400391,0.000000,0.000000,0.000000,0.000000,22.336558,114.268514,11.153000
1606433055.902000,2656,84255.902000,109,32,45.000000,0.000000,0.000000,22054639.968362,-656.696777,0.000000,0.000000,0.000000,0.000000,22.336558,114.268514,11.153000
1606433055.902000,2656,84255.902000,29,1,34.000000,0.000000,0.000000,23593927.730396,2374.384033,0.000000,0.000000,0.000000,0.000000,22.336558,114.268514,11.153000
1606433055.902000,2656,84255.902000,6,1,37.000000,0.000000,0.000000,24198281.657165,-2161.924561,0.000000,0.000000,0.000000,0.000000,22.336558,114.268514,11.153000
1606433055.902000,2656,84255.902000,105,32,41.000000,0.000000,0.000000,37832801.119674,265.623291,0.000000,0.000000,0.000000,0.000000,22.336558,114.268514,11.153000
1606433055.902000,2656,84255.902000,119,32,38.000000,0.000000,0.000000,26462790.920897,-3034.752197,0.000000,0.000000,0.000000,0.000000,22.336558,114.268514,11.153000
1606433056.002000,2656,84256.002000,13,1,43.000000,0.000000,0.000000,21236920.584078,1270.882080,0.000000,0.000000,0.000000,0.000000,22.336558,114.268514,11.153000
1606433056.002000,2656,84256.002000,5,1,39.000000,0.000000,0.000000,21779932.284283,-1343.786377,0.000000,0.000000,0.000000,0.000000,22.336558,114.268514,11.153000
1606433056.002000,2656,84256.002000,2,1,42.000000,0.000000,0.000000,22114787.317438,-73.547363,0.000000,0.000000,0.000000,0.000000,22.336558,114.268514,11.153000
1606433056.002000,2656,84256.002000,108,32,43.000000,0.000000,0.000000,24323222.810429,2062.243652,0.000000,0.000000,0.000000,0.000000,22.336558,114.268514,11.153000
1606433056.002000,2656,84256.002000,113,32,40.000000,0.000000,0.000000,37553557.094237,650.640381,0.000000,0.000000,0.000000,0.000000,22.336558,114.268514,11.153000
1606433056.002000,2656,84256.002000,131,32,46.000000,0.000000,0.000000,22873995.836713,805.374756,0.000000,0.000000,0.000000,0.000000,22.336558,114.268514,11.153000
1606433056.002000,2656,84256.002000,110,32,40.000000,0.000000,0.000000,37962888.652619,185.126465,0.000000,0.000000,0.000000,0.000000,22.336558,114.268514,11.153000
1606433056.002000,2656,84256.002000,118,32,46.000000,0.000000,0.000000,23126138.213906,-1778.206909,0.000000,0.000000,0.000000,0.000000,22.336558,114.268514,11.153000
1606433056.002000,2656,84256.002000,109,32,45.000000,0.000000,0.000000,22054652.504319,-654.119873,0.000000,0.000000,0.000000,0.000000,22.336558,114.268514,11.153000
1606433056.002000,2656,84256.002000,29,1,34.000000,0.000000,0.000000,23593882.515765,2375.105957,0.000000,0.000000,0.000000,0.000000,22.336558,114.268514,11.153000
1606433056.002000,2656,84256.002000,6,1,36.000000,0.000000,0.000000,24198322.737212,-2159.523193,0.000000,0.000000,0.000000,0.000000,22.336558,114.268514,11.153000
1606433056.002000,2656,84256.002000,105,32,41.000000,0.000000,0.000000,37832795.928793,268.219727,0.000000,0.000000,0.000000,0.000000,22.336558,114.268514,11.153000
1606433056.002000,2656,84256.002000,119,32,38.000000,0.000000,0.000000,26462849.198481,-3032.553467,0.000000,0.000000,0.000000,0.000000,22.336558,114.268514,11.153000
1606433056.102000,2656,84256.102000,13,1,42.000000,0.000000,0.000000,21236896.381882,1271.686035,0.000000,0.000000,0.000000,0.000000,22.336558,114.268514,11.153000
1606433056.102000,2656,84256.102000,5,1,39.000000,0.000000,0.000000,21779957.808019,-1341.975098,0.000000,0.000000,0.000000,0.000000,22.336558,114.268514,11.153000
1606433056.102000,2656,84256.102000,2,1,42.000000,0.000000,0.000000,22114788.680509,-73.449707,0.000000,0.000000,0.000000,0.000000,22.336558,114.268514,11.153000
1606433056.102000,2656,84256.102000,108,32,40.000000,0.000000,0.000000,24323183.200668,2063.415527,0.000000,0.000000,0.000000,0.000000,22.336558,114.268514,11.153000
1606433056.102000,2656,84256.102000,113,32,38.000000,0.000000,0.000000,37553544.567633,651.234863,0.000000,0.000000,0.000000,0.000000,22.336558,114.268514,11.153000
1606433056.102000,2656,84256.102000,131,32,46.000000,0.000000,0.000000,22873980.352297,806.497131,0.000000,0.000000,0.000000,0.000000,22.336558,114.268514,11.153000
1606433056.102000,2656,84256.102000,110,32,40.000000,0.000000,0.000000,37962885.103803,185.388199,0.000000,0.000000,0.000000,0.000000,22.336558,114.268514,11.153000
1606433056.102000,2656,84256.102000,118,32,46.000000,0.000000,0.000000,23126172.401675,-1776.774414,0.000000,0.000000,0.000000,0.000000,22.336558,114.268514,11.153000
1606433056.102000,2656,84256.102000,109,32,44.000000,0.000000,0.000000,22054665.011239,-653.166504,0.000000,0.000000,0.000000,0.000000,22.336558,114.268514,11.153000
1606433056.102000,2656,84256.102000,29,1,34.000000,0.000000,0.000000,23593837.309021,2376.295654,0.000000,0.000000,0.000000,0.000000,22.336558,114.268514,11.153000
1606433056.102000,2656,84256.102000,6,1,36.000000,0.000000,0.000000,24198363.813279,-2159.960205,0.000000,0.000000,0.000000,0.000000,22.336558,114.268514,11.153000
1606433056.102000,2656,84256.102000,105,32,40.000000,0.000000,0.000000,37832790.796265,268.356201,0.000000,0.000000,0.000000,0.000000,22.336558,114.268514,11.153000
1606433056.102000,2656,84256.102000,119,32,40.000000,0.000000,0.000000,26462907.213964,-3032.953613,0.000000,0.000000,0.000000,0.000000,22.336558,114.268514,11.153000
1606433056.202000,2656,84256.202000,13,1,42.000000,0.000000,0.000000,21236872.188901,1270.885254,0.000000,0.000000,0.000000,0.000000,22.336558,114.268514,11.153000
1606433056.202000,2656,84256.202000,5,1,39.000000,0.000000,0.000000,21779983.336082,-1343.777344,0.000000,0.000000,0.000000,0.000000,22.336558,114.268514,11.153000
1606433056.202000,2656,84256.202000,2,1,42.000000,0.000000,0.000000,22114790.089230,-74.101562,0.000000,0.000000,0.000000,0.000000,22.336558,114.268514,11.153000
1606433056.202000,2656,84256.202000,108,32,40.000000,0.000000,0.000000,24323143.601657,2061.987305,0.000000,0.000000,0.000000,0.000000,22.336558,114.268514,11.153000
1606433056.202000,2656,84256.202000,113,32,38.000000,0.000000,0.000000,37553532.082351,650.715576,0.000000,0.000000,0.000000,0.000000,22.336558,114.268514,11.153000
1606433056.202000,2656,84256.202000,131,32,46.000000,0.000000,0.000000,22873964.847779,805.871643,0.000000,0.000000,0.000000,0.000000,22.336558,114.268514,11.153000
1606433056.202000,2656,84256.202000,110,32,40.000000,0.000000,0.000000,37962881.466340,185.974854,0.000000,0.000000,0.000000,0.000000,22.336558,114.268514,11.153000
1606433056.202000,2656,84256.202000,118,32,46.000000,0.000000,0.000000,23126206.492839,-1778.206909,0.000000,0.000000,0.000000,0.000000,22.336558,114.268514,11.153000
1606433056.202000,2656,84256.202000,109,32,44.000000,0.000000,0.000000,22054677.599966,-654.182129,0.000000,0.000000,0.000000,0.000000,22.336558,114.268514,11.153000
1606433056.202000,2656,84256.202000,29,1,34.000000,0.000000,0.000000,23593792.091179,2376.233643,0.000000,0.000000,0.000000,0.000000,22.336558,114.268514,11.153000
1606433056.202000,2656,84256.202000,6,1,36.000000,0.000000,0.000000,24198404.914405,-2160.551025,0.000000,0.000000,0.000000,0.000000,22.336558,114.268514,11.153000
1606433056.202000,2656,84256.202000,105,32,40.000000,0.000000,0.000000,37832785.676929,267.675781,0.000000,0.000000,0.000000,0.000000,22.336558,114.268514,11.153000
1606433056.202000,2656,84256.202000,119,32,38.000000,0.000000,0.000000,26462965.427751,-3034.401367,0.000000,0.000000,0.000000,0.000000,22.336558,114.268514,11.153000
1606433056.302000,2656,84256.302000,13,1,43.000000,0.000000,0.000000,21236848.049247,1269.291992,0.000000,0.000000,0.000000,0.000000,22.336558,114.268514,11.153000
1606433056.302000,2656,84256.302000,5,1,39.000000,0.000000,0.000000,21780008.949023,-1345.792480,0.000000,0.000000,0.000000,0.000000,22.336558,114.268514,11.153000
1606433056.302000,2656,84256.302000,2,1,42.000000,0.000000,0.000000,22114791.539972,-76.691895,0.000000,0.000000,0.000000,0.000000,22.336558,114.268514,11.153000
1606433056.302000,2656,84256.302000,108,32,40.000000,0.000000,0.000000,24323104.040338,2060.815430,0.000000,0.000000,0.000000,0.000000,22.336558,114.268514,11.153000
1606433056.302000,2656,84256.302000,113,32,38.000000,0.000000,0.000000,37553519.591904,649.187256,0.000000,0.000000,0.000000,0.000000,22.336558,114.268514,11.153000
1606433056.302000,2656,84256.302000,131,32,45.000000,0.000000,0.000000,22873949.403499,803.779541,0.000000,0.000000,0.000000,0.000000,22.336558,114.268514,11.153000
1606433056.302000,2656,84256.302000,110,32,40.000000,0.000000,0.000000,37962877.969596,182.772705,0.000000,0.000000,0.000000,0.000000,22.336558,114.268514,11.153000
1606433056.302000,2656,84256.302000,118,32,45.000000,0.000000,0.000000,23126240.699733,-1780.682495,0.000000,0.000000,0.000000,0.000000,22.336558,114.268514,11.153000
1606433056.302000,2656,84256.302000,109,32,44.000000,0.000000,0.000000,22054690.204467,-656.578369,0.000000,0.000000,0.000000,0.000000,22.336558,114.268514,11.153000
1606433056.302000,2656,84256.302000,29,1,34.000000,0.000000,0.000000,23593746.926596,2374.332520,0.000000,0.000000,0.000000,0.000000,22.336558,114.268514,11.153000
1606433056.302000,2656,84256.302000,6,1,36.000000,0.000000,0.000000,24198446.075700,-2162.208496,0.000000,0.000000,0.000000,0.000000,22.336558,114.268514,11.153000
1606433056.302000,2656,84256.302000,105,32,40.000000,0.000000,0.000000,37832780.552498,265.706543,0.000000,0.000000,0.000000,0.000000,22.336558,114.268514,11.153000
1606433056.302000,2656,84256.302000,119,32,38.000000,0.000000,0.000000,26463023.861829,-3034.312012,0.000000,0.000000,0.000000,0.000000,22.336558,114.268514,11.153000
1606433056.302000,2656,84256.302000,7,1,32.000000,0.000000,0.000000,26792006.297260,-751.069031,0.000000,0.000000,0.000000,0.000000,22.336558,114.268514,11.153000
1606433056.402000,2656,84256.402000,13,1,43.000000,0.000000,0.000000,21236823.870574,1269.125732,0.000000,0.000000,0.000000,0.000000,22.336558,114.268514,11.153000
1606433056.402000,2656,84256.402000,5,1,39.000000,0.000000,0.000000,21780034.546049,-1345.183594,0.000000,0.000000,0.000000,0.000000,22.336558,114.268514,11.153000
1606433056.402000,2656,84256.402000,2,1,42.000000,0.000000,0.000000,22114792.980662,-75.944824,0.000000,0.000000,0.000000,0.000000,22.336558,114.268514,11.153000
1606433056.402000,2656,84256.402000,108,32,40.000000,0.000000,0.000000,24323064.467293,2060.980225,0.000000,0.000000,0.000000,0.000000,22.336558,114.268514,11.153000
1606433056.402000,2656,84256.402000,113,32,38.000000,0.000000,0.000000,37553507.135660,649.135010,0.000000,0.000000,0.000000,0.000000,22.336558,114.268514,11.153000
1606433056.402000,2656,84256.402000,131,32,45.000000,0.000000,0.000000,22873934.006194,803.453613,0.000000,0.000000,0.000000,0.000000,22.336558,114.268514,11.153000
1606433056.402000,2656,84256.402000,110,32,40.000000,0.000000,0.000000,37962874.445210,183.762207,0.000000,0.000000,0.000000,0.000000,22.336558,114.268514,11.153000
1606433056.402000,2656,84256.402000,118,32,46.000000,0.000000,0.000000,23126274.856510,-1779.786499,0.000000,0.000000,0.000000,0.000000,22.336558,114.268514,11.153000
1606433056.402000,2656,84256.402000,109,32,44.000000,0.000000,0.000000,22054702.796405,-656.474609,0.000000,0.000000,0.000000,0.000000,22.336558,114.268514,11.153000
1606433056.402000,2656,84256.402000,29,1,34.000000,0.000000,0.000000,23593701.740513,2375.603027,0.000000,0.000000,0.000000,0.000000,22.336558,114.268514,11.153000
1606433056.402000,2656,84256.402000,6,1,36.000000,0.000000,0.000000,24198487.256678,-2162.243164,0.000000,0.000000,0.000000,0.000000,22.336558,114.268514,11.153000
1606433056.402000,2656,84256.402000,105,32,40.000000,0.000000,0.000000,37832775.392818,265.773682,0.000000,0.000000,0.000000,0.000000,22.336558,114.268514,11.153000
1606433056.402000,2656,84256.402000,119,32,38.000000,0.000000,0.000000,26463082.340091,-3035.344238,0.000000,0.000000,0.000000,0.000000,22.336558,114.268514,11.153000
1606433056.402000,2656,84256.402000,7,1,32.000000,0.000000,0.000000,26792020.250384,-753.895020,0.000000,0.000000,0.000000,0.000000,22.336558,114.268514,11.153000
1606433056.502000,2656,84256.502000,13,1,43.000000,0.000000,0.000000,21236799.682059,1271.056641,0.000000,0.000000,0.000000,0.000000,22.336558,114.268514,11.153000
1606433056.502000,2656,84256.502000,5,1,39.000000,0.000000,0.000000,21780060.111735,-1343.666992,0.000000,0.000000,0.000000,0.000000,22.336558,114.268514,11.153000
1606433056.502000,2656,84256.502000,2,1,42.000000,0.000000,0.000000,22114794.413115,-74.372559,0.000000,0.000000,0.000000,0.000000,22.336558,114.268514,11.153000
1606433056.502000,2656,84256.502000,108,32,40.000000,0.000000,0.000000,24323024.877635,2061.999512,0.000000,0.000000,0.000000,0.000000,22.336558,114.268514,11.153000
1606433056.502000,2656,84256.502000,113,32,38.000000,0.000000,0.000000,37553494.687093,650.815430,0.000000,0.000000,0.000000,0.000000,22.336558,114.268514,11.153000
1606433056.502000,2656,84256.502000,131,32,45.000000,0.000000,0.000000,22873918.554306,805.274902,0.000000,0.000000,0.000000,0.000000,22.336558,114.268514,11.153000
1606433056.502000,2656,84256.502000,110,32,39.000000,0.000000,0.000000,37962870.912169,184.516846,0.000000,0.000000,0.000000,0.000000,22.336558,114.268514,11.153000
1606433056.502000,2656,84256.502000,118,32,46.000000,0.000000,0.000000,23126308.951304,-1778.394287,0.000000,0.000000,0.000000,0.000000,22.336558,114.268514,11.153000
1606433056.502000,2656,84256.502000,109,32,44.000000,0.000000,0.000000,22054715.399511,-654.291992,0.000000,0.000000,0.000000,0.000000,22.336558,114.268514,11.153000
1606433056.502000,2656,84256.502000,29,1,34.000000,0.000000,0.000000,23593656.552058,2374.476318,0.000000,0.000000,0.000000,0.000000,22.336558,114.268514,11.153000
1606433056.502000,2656,84256.502000,6,1,36.000000,0.000000,0.000000,24198528.371345,-2159.077393,0.000000,0.000000,0.000000,0.000000,22.336558,114.268514,11.153000
1606433056.502000,2656,84256.502000,105,32,40.000000,0.000000,0.000000,37832770.263571,267.468262,0.000000,0.000000,0.000000,0.000000,22.336558,114.268514,11.153000
1606433056.502000,2656,84256.502000,119,32,39.000000,0.000000,0.000000,26463140.651320,-3033.253418,0.000000,0.000000,0.000000,0.000000,22.336558,114.268514,11.153000
1606433056.502000,2656,84256.502000,7,1,32.000000,0.000000,0.000000,26792034.715638,-750.596924,0.000000,0.000000,0.000000,0.000000,22.336558,114.268514,11.153000
1606433056.602000,2656,84256.602000,13,1,43.000000,0.000000,0.000000,21236775.500246,1271.848389,0.000000,0.000000,0.000000,0.000000,22.336558,114.268514,11.153000
1606433056.602000,2656,84256.602000,5,1,39.000000,0.000000,0.000000,21780085.695988,-1343.713867,0.000000,0.000000,0.000000,0.000000,22.336558,114.268514,11.153000
1606433056.602000,2656,84256.602000,2,1,42.000000,0.000000,0.000000,22114795.831608,-73.817139,0.000000,0.000000,0.000000,0.000000,22.336558,114.268514,11.153000
1606433056.602000,2656,84256.602000,108,32,40.000000,0.000000,0.000000,24322985.240512,2062.664795,0.000000,0.000000,0.000000,0.000000,22.336558,114.268514,11.153000
1606433056.602000,2656,84256.602000,113,32,38.000000,0.000000,0.000000,37553482.159233,651.337158,0.000000,0.000000,0.000000,0.000000,22.336558,114.268514,11.153000
1606433056.602000,2656,84256.602000,131,32,46.000000,0.000000,0.000000,22873903.088946,806.043945,0.000000,0.000000,0.000000,0.000000,22.336558,114.268514,11.153000
1606433056.602000,2656,84256.602000,110,32,39.000000,0.000000,0.000000,37962867.336969,185.254639,0.000000,0.000000,0.000000,0.000000,22.336558,114.268514,11.153000
1606433056.602000,2656,84256.602000,118,32,46.000000,0.000000,0.000000,23126343.100961,-1777.834106,0.000000,0.000000,0.000000,0.000000,22.336558,114.268514,11.153000
1606433056.602000,2656,84256.602000,109,32,43.000000,0.000000,0.000000,22054727.944682,-653.605957,0.000000,0.000000,0.000000,0.000000,22.336558,114.268514,11.153000
1606433056.602000,2656,84256.602000,29,1,34.000000,0.000000,0.000000,23593611.343918,2374.887695,0.000000,0.000000,0.000000,0.000000,22.336558,114.268514,11.153000
1606433056.602000,2656,84256.602000,6,1,36.000000,0.000000,0.000000,24198569.520076,-2161.303711,0.000000,0.000000,0.000000,0.000000,22.336558,114.268514,11.153000
1606433056.602000,2656,84256.602000,105,32,40.000000,0.000000,0.000000,37832765.143398,267.967773,0.000000,0.000000,0.000000,0.000000,22.336558,114.268514,11.153000
1606433056.602000,2656,84256.602000,119,32,38.000000,0.000000,0.000000,26463199.006174,-3033.580566,0.000000,0.000000,0.000000,0.000000,22.336558,114.268514,11.153000
1606433056.602000,2656,84256.602000,7,1,27.000000,0.000000,0.000000,26792048.949780,-753.082275,0.000000,0.000000,0.000000,0.000000,22.336558,114.268514,11.153000
1606433056.702000,2656,84256.702000,13,1,43.000000,0.000000,0.000000,21236751.292466,1271.051025,0.000000,0.000000,0.000000,0.000000,22.336558,114.268514,11.153000
1606433056.702000,2656,84256.702000,5,1,39.000000,0.000000,0.000000,21780111.257625,-1343.034912,0.000000,0.000000,0.000000,0.000000,22.336558,114.268514,11.153000
1606433056.702000,2656,84256.702000,2,1,42.000000,0.000000,0.000000,22114797.245914,-73.239746,0.000000,0.000000,0.000000,0.000000,22.336558,114.268514,11.153000
1606433056.702000,2656,84256.702000,15,1,13.000000,0.000000,0.000000,22914044.635056,2795.372559,0.000000,0.000000,0.000000,0.000000,22.336558,114.268514,11.153000
1606433056.702000,2656,84256.702000,108,32,41.000000,0.000000,0.000000,24322945.679612,2061.669922,0.000000,0.000000,0.000000,0.000000,22.336558,114.268514,11.153000
1606433056.702000,2656,84256.702000,113,32,38.000000,0.000000,0.000000,37553469.661806,651.295166,0.000000,0.000000,0.000000,0.000000,22.336558,114.268514,11.153000
1606433056.702000,2656,84256.702000,131,32,45.000000,0.000000,0.000000,22873887.598666,805.611328,0.000000,0.000000,0.000000,0.000000,22.336558,114.268514,11.153000
1606433056.702000,2656,84256.702000,110,32,39.000000,0.000000,0.000000,37962863.831150,185.340103,0.000000,0.000000,0.000000,0.000000,22.336558,114.268514,11.153000
1606433056.702000,2656,84256.702000,118,32,46.000000,0.000000,0.000000,23126377.271279,-1777.836426,0.000000,0.000000,0.000000,0.000000,22.336558,114.268514,11.153000
1606433056.702000,2656,84256.702000,109,32,43.000000,0.000000,0.000000,22054740.496972,-653.822021,0.000000,0.000000,0.000000,0.000000,22.336558,114.268514,11.153000
1606433056.702000,2656,84256.702000,29,1,34.000000,0.000000,0.000000,23593566.118817,2375.798828,0.000000,0.000000,0.000000,0.000000,22.336558,114.268514,11.153000
1606433056.702000,2656,84256.702000,6,1,36.000000,0.000000,0.000000,24198610.609335,-2160.103271,0.000000,0.000000,0.000000,0.000000,22.336558,114.268514,11.153000
1606433056.702000,2656,84256.702000,105,32,40.000000,0.000000,0.000000,37832759.985044,268.307373,0.000000,0.000000,0.000000,0.000000,22.336558,114.268514,11.153000
1606433056.702000,2656,84256.702000,119,32,38.000000,0.000000,0.000000,26463257.216401,-3032.966064,0.000000,0.000000,0.000000,0.000000,22.336558,114.268514,11.153000
1606433056.702000,2656,84256.702000,7,1,28.000000,0.000000,0.000000,26792063.436881,-748.063477,0.000000,0.000000,0.000000,0.000000,22.336558,114.268514,11.153000
1606433056.802000,2656,84256.802000,13,1,43.000000,0.000000,0.000000,21236727.147786,1268.239258,0.000000,0.000000,0.000000,0.000000,22.336558,114.268514,11.153000
1606433056.802000,2656,84256.802000,5,1,39.000000,0.000000,0.000000,21780136.886690,-1345.560547,0.000000,0.000000,0.000000,0.000000,22.336558,114.268514,11.153000
1606433056.802000,2656,84256.802000,2,1,42.000000,0.000000,0.000000,22114798.714245,-75.922852,0.000000,0.000000,0.000000,0.000000,22.336558,114.268514,11.153000
1606433056.802000,2656,84256.802000,15,1,13.000000,0.000000,0.000000,22913991.657312,2795.372559,0.000000,0.000000,0.000000,0.000000,22.336558,114.268514,11.153000
1606433056.802000,2656,84256.802000,108,32,41.000000,0.000000,0.000000,24322906.099726,2060.058594,0.000000,0.000000,0.000000,0.000000,22.336558,114.268514,11.153000
1606433056.802000,2656,84256.802000,113,32,39.000000,0.000000,0.000000,37553457.248698,647.637939,0.000000,0.000000,0.000000,0.000000,22.336558,114.268514,11.153000
1606433056.802000,2656,84256.802000,131,32,45.000000,0.000000,0.000000,22873872.167020,802.803711,0.000000,0.000000,0.000000,0.000000,22.336558,114.268514,11.153000
1606433056.802000,2656,84256.802000,110,32,39.000000,0.000000,0.000000,37962860.303763,183.386963,0.000000,0.000000,0.000000,0.000000,22.336558,114.268514,11.153000
1606433056.802000,2656,84256.802000,118,32,45.000000,0.000000,0.000000,23126411.446623,-1780.190430,0.000000,0.000000,0.000000,0.000000,22.336558,114.268514,11.153000
1606433056.802000,2656,84256.802000,109,32,43.000000,0.000000,0.000000,22054753.089189,-657.358398,0.000000,0.000000,0.000000,0.000000,22.336558,114.268514,11.153000
1606433056.802000,2656,84256.802000,29,1,35.000000,0.000000,0.000000,23593520.947183,2373.316895,0.000000,0.000000,0.000000,0.000000,22.336558,114.268514,11.153000
1606433056.802000,2656,84256.802000,6,1,36.000000,0.000000,0.000000,24198651.705924,-2161.106445,0.000000,0.000000,0.000000,0.000000,22.336558,114.268514,11.153000
1606433056.802000,2656,84256.802000,105,32,40.000000,0.000000,0.000000,37832754.853353,266.734863,0.000000,0.000000,0.000000,0.000000,22.336558,114.268514,11.153000
1606433056.802000,2656,84256.802000,119,32,38.000000,0.000000,0.000000,26463315.201660,-3034.067871,0.000000,0.000000,0.000000,0.000000,22.336558,114.268514,11.153000
1606433056.802000,2656,84256.802000,7,1,28.000000,0.000000,0.000000,26792077.739848,-751.978271,0.000000,0.000000,0.000000,0.000000,22.336558,114.268514,11.153000
1606433056.902000,2656,84256.902000,13,1,43.000000,0.000000,0.000000,21236703.016927,1268.214600,0.000000,0.000000,0.000000,0.000000,22.336558,114.268514,11.153000
1606433056.902000,2656,84256.902000,5,1,39.000000,0.000000,0.000000,21780162.518826,-1345.105713,0.000000,0.000000,0.000000,0.000000,22.336558,114.268514,11.153000
1606433056.902000,2656,84256.902000,2,1,42.000000,0.000000,0.000000,22114800.148234,-76.108398,0.000000,0.000000,0.000000,0.000000,22.336558,114.268514,11.153000
1606433056.902000,2656,84256.902000,15,1,13.000000,0.000000,0.000000,22913937.942820,2812.316895,0.000000,0.000000,0.000000,0.000000,22.336558,114.268514,11.153000
1606433056.902000,2656,84256.902000,108,32,41.000000,0.000000,0.000000,24322866.489268,2061.444092,0.000000,0.000000,0.000000,0.000000,22.336558,114.268514,11.153000
1606433056.902000,2656,84256.902000,113,32,39.000000,0.000000,0.000000,37553444.778493,648.396240,0.000000,0.000000,0.000000,0.000000,22.336558,114.268514,11.153000
1606433056.902000,2656,84256.902000,131,32,45.000000,0.000000,0.000000,22873856.710455,803.169250,0.000000,0.000000,0.000000,0.000000,22.336558,114.268514,11.153000
1606433056.902000,2656,84256.902000,110,32,39.000000,0.000000,0.000000,37962856.760671,183.467056,0.000000,0.000000,0.000000,0.000000,22.336558,114.268514,11.153000
1606433056.902000,2656,84256.902000,118,32,46.000000,0.000000,0.000000,23126445.664546,-1780.087891,0.000000,0.000000,0.000000,0.000000,22.336558,114.268514,11.153000
1606433056.902000,2656,84256.902000,109,32,43.000000,0.000000,0.000000,22054765.682104,-656.724854,0.000000,0.000000,0.000000,0.000000,22.336558,114.268514,11.153000
1606433056.902000,2656,84256.902000,29,1,35.000000,0.000000,0.000000,23593475.751887,2374.469727,0.000000,0.000000,0.000000,0.000000,22.336558,114.268514,11.153000
1606433056.902000,2656,84256.902000,6,1,36.000000,0.000000,0.000000,24198692.844394,-2161.306641,0.000000,0.000000,0.000000,0.000000,22.336558,114.268514,11.153000
1606433056.902000,2656,84256.902000,105,32,40.000000,0.000000,0.000000,37832749.767871,266.232910,0.000000,0.000000,0.000000,0.000000,22.336558,114.268514,11.153000
1606433056.902000,2656,84256.902000,119,32,38.000000,0.000000,0.000000,26463373.512400,-3033.105225,0.000000,0.000000,0.000000,0.000000,22.336558,114.268514,11.153000
1606433056.902000,2656,84256.902000,7,1,32.000000,0.000000,0.000000,26792092.891662,-752.745117,0.000000,0.000000,0.000000,0.000000,22.336558,114.268514,11.153000
1606433057.002000,2656,84257.002000,13,1,43.000000,0.000000,0.000000,21236678.859753,1269.894287,0.000000,0.000000,0.000000,0.000000,22.336558,114.268514,11.153000
1606433057.002000,2656,84257.002000,5,1,39.000000,0.000000,0.000000,21780188.089189,-1343.188477,0.000000,0.000000,0.000000,0.000000,22.336558,114.268514,11.153000
1606433057.002000,2656,84257.002000,2,1,42.000000,0.000000,0.000000,22114801.566727,-73.723145,0.000000,0.000000,0.000000,0.000000,22.336558,114.268514,11.153000
1606433057.002000,2656,84257.002000,15,1,13.000000,0.000000,0.000000,22913884.384611,2812.316895,0.000000,0.000000,0.000000,0.000000,22.336558,114.268514,11.153000
1606433057.002000,2656,84257.002000,108,32,41.000000,0.000000,0.000000,24322826.928228,2061.865234,0.000000,0.000000,0.000000,0.000000,22.336558,114.268514,11.153000
1606433057.002000,2656,84257.002000,113,32,39.000000,0.000000,0.000000,37553432.313872,650.442383,0.000000,0.000000,0.000000,0.000000,22.336558,114.268514,11.153000
1606433057.002000,2656,84257.002000,131,32,45.000000,0.000000,0.000000,22873841.274271,805.268799,0.000000,0.000000,0.000000,0.000000,22.336558,114.268514,11.153000
1606433057.002000,2656,84257.002000,110,32,39.000000,0.000000,0.000000,37962853.214089,185.763428,0.000000,0.000000,0.000000,0.000000,22.336558,114.268514,11.153000
1606433057.002000,2656,84257.002000,118,32,46.000000,0.000000,0.000000,23126479.798009,-1777.846680,0.000000,0.000000,0.000000,0.000000,22.336558,114.268514,11.153000
1606433057.002000,2656,84257.002000,109,32,43.000000,0.000000,0.000000,22054778.212337,-654.283447,0.000000,0.000000,0.000000,0.000000,22.336558,114.268514,11.153000
1606433057.002000,2656,84257.002000,29,1,35.000000,0.000000,0.000000,23593430.588281,2374.746826,0.000000,0.000000,0.000000,0.000000,22.336558,114.268514,11.153000
1606433057.002000,2656,84257.002000,6,1,36.000000,0.000000,0.000000,24198733.941332,-2159.968994,0.000000,0.000000,0.000000,0.000000,22.336558,114.268514,11.153000
1606433057.002000,2656,84257.002000,105,32,40.000000,0.000000,0.000000,37832744.621593,268.585205,0.000000,0.000000,0.000000,0.000000,22.336558,114.268514,11.153000
1606433057.002000,2656,84257.002000,119,32,38.000000,0.000000,0.000000,26463431.133717,-3032.318359,0.000000,0.000000,0.000000,0.000000,22.336558,114.268514,11.153000
1606433057.002000,2656,84257.002000,7,1,28.000000,0.000000,0.000000,26792106.832571,-749.747986,0.000000,0.000000,0.000000,0.000000,22.336558,114.268514,11.153000
1606433057.102000,2656,84257.102000,13,1,43.000000,0.000000,0.000000,21236654.666143,1271.323242,0.000000,0.000000,0.000000,0.000000,22.336558,114.268514,11.153000
1606433057.102000,2656,84257.102000,5,1,39.000000,0.000000,0.000000,21780213.639937,-1342.543457,0.000000,0.000000,0.000000,0.000000,22.336558,114.268514,11.153000
1606433057.102000,2656,84257.102000,2,1,42.000000,0.000000,0.000000,22114802.987873,-73.074951,0.000000,0.000000,0.000000,0.000000,22.336558,114.268514,11.153000
1606433057.102000,2656,84257.102000,15,1,13.000000,0.000000,0.000000,22913831.121800,2812.316895,0.000000,0.000000,0.000000,0.000000,22.336558,114.268514,11.153000
1606433057.102000,2656,84257.102000,108,32,41.000000,0.000000,0.000000,24322787.314000,2063.201904,0.000000,0.000000,0.000000,0.000000,22.336558,114.268514,11.153000
1606433057.102000,2656,84257.102000,113,32,38.000000,0.000000,0.000000,37553419.819516,651.040283,0.000000,0.000000,0.000000,0.000000,22.336558,114.268514,11.153000
1606433057.102000,2656,84257.102000,131,32,45.000000,0.000000,0.000000,22873825.814565,806.484863,0.000000,0.000000,0.000000,0.000000,22.336558,114.268514,11.153000
1606433057.102000,2656,84257.102000,110,32,39.000000,0.000000,0.000000,37962849.632466,186.308838,0.000000,0.000000,0.000000,0.000000,22.336558,114.268514,11.153000
1606433057.102000,2656,84257.102000,118,32,46.000000,0.000000,0.000000,23126513.925330,-1777.175415,0.000000,0.000000,0.000000,0.000000,22.336558,114.268514,11.153000
1606433057.102000,2656,84257.102000,109,32,43.000000,0.000000,0.000000,22054790.756950,-653.533936,0.000000,0.000000,0.000000,0.000000,22.336558,114.268514,11.153000
1606433057.102000,2656,84257.102000,29,1,35.000000,0.000000,0.000000,23593385.350057,2376.302002,0.000000,0.000000,0.000000,0.000000,22.336558,114.268514,11.153000
1606433057.102000,2656,84257.102000,6,1,36.000000,0.000000,0.000000,24198775.073450,-2160.773193,0.000000,0.000000,0.000000,0.000000,22.336558,114.268514,11.153000
1606433057.102000,2656,84257.102000,105,32,40.000000,0.000000,0.000000,37832739.433852,269.135986,0.000000,0.000000,0.000000,0.000000,22.336558,114.268514,11.153000
1606433057.102000,2656,84257.102000,119,32,38.000000,0.000000,0.000000,26463489.681990,-3031.764648,0.000000,0.000000,0.000000,0.000000,22.336558,114.268514,11.153000
1606433057.102000,2656,84257.102000,7,1,28.000000,0.000000,0.000000,26792121.134770,-750.720947,0.000000,0.000000,0.000000,0.000000,22.336558,114.268514,11.153000
1606433057.202000,2656,84257.202000,13,1,43.000000,0.000000,0.000000,21236630.476861,1270.072510,0.000000,0.000000,0.000000,0.000000,22.336558,114.268514,11.153000
1606433057.202000,2656,84257.202000,5,1,39.000000,0.000000,0.000000,21780239.231519,-1344.009766,0.000000,0.000000,0.000000,0.000000,22.336558,114.268514,11.153000
1606433057.202000,2656,84257.202000,2,1,42.000000,0.000000,0.000000,22114804.391848,-74.573975,0.000000,0.000000,0.000000,0.000000,22.336558,114.268514,11.153000
1606433057.202000,2656,84257.202000,15,1,12.000000,0.000000,0.000000,22913777.116866,2812.316895,0.000000,0.000000,0.000000,0.000000,22.336558,114.268514,11.153000
1606433057.202000,2656,84257.202000,108,32,41.000000,0.000000,0.000000,24322747.701448,2061.975098,0.000000,0.000000,0.000000,0.000000,22.336558,114.268514,11.153000
1606433057.202000,2656,84257.202000,113,32,38.000000,0.000000,0.000000,37553407.322369,650.434082,0.000000,0.000000,0.000000,0.000000,22.336558,114.268514,11.153000
1606433057.202000,2656,84257.202000,131,32,45.000000,0.000000,0.000000,22873810.351718,804.831543,0.000000,0.000000,0.000000,0.000000,22.336558,114.268514,11.153000
1606433057.202000,2656,84257.202000,110,32,39.000000,0.000000,0.000000,37962846.050425,184.759537,0.000000,0.000000,0.000000,0.000000,22.336558,114.268514,11.153000
1606433057.202000,2656,84257.202000,118,32,46.000000,0.000000,0.000000,23126548.043717,-1778.376465,0.000000,0.000000,0.000000,0.000000,22.336558,114.268514,11.153000
1606433057.202000,2656,84257.202000,109,32,43.000000,0.000000,0.000000,22054803.360474,-655.054932,0.000000,0.000000,0.000000,0.000000,22.336558,114.268514,11.153000
1606433057.202000,2656,84257.202000,29,1,35.000000,0.000000,0.000000,23593340.150154,2375.376709,0.000000,0.000000,0.000000,0.000000,22.336558,114.268514,11.153000
1606433057.202000,2656,84257.202000,6,1,36.000000,0.000000,0.000000,24198816.169690,-2160.764648,0.000000,0.000000,0.000000,0.000000,22.336558,114.268514,11.153000
1606433057.202000,2656,84257.202000,105,32,40.000000,0.000000,0.000000,37832734.286387,267.307861,0.000000,0.000000,0.000000,0.000000,22.336558,114.268514,11.153000
1606433057.202000,2656,84257.202000,119,32,38.000000,0.000000,0.000000,26463548.160392,-3034.998779,0.000000,0.000000,0.000000,0.000000,22.336558,114.268514,11.153000
1606433057.202000,2656,84257.202000,7,1,28.000000,0.000000,0.000000,26792136.652899,-752.276550,0.000000,0.000000,0.000000,0.000000,22.336558,114.268514,11.153000
1606433057.302000,2656,84257.302000,13,1,43.000000,0.000000,0.000000,21236606.334066,1268.068359,0.000000,0.000000,0.000000,0.000000,22.336558,114.268514,11.153000
1606433057.302000,2656,84257.302000,5,1,39.000000,0.000000,0.000000,21780264.859956,-1346.534790,0.000000,0.000000,0.000000,0.000000,22.336558,114.268514,11.153000
1606433057.302000,2656,84257.302000,2,1,42.000000,0.000000,0.000000,22114805.870649,-77.230225,0.000000,0.000000,0.000000,0.000000,22.336558,114.268514,11.153000
1606433057.302000,2656,84257.302000,15,1,12.000000,0.000000,0.000000,22913723.718014,2808.551758,0.000000,0.000000,0.000000,0.000000,22.336558,114.268514,11.153000
1606433057.302000,2656,84257.302000,108,32,42.000000,0.000000,0.000000,24322708.138872,2059.863281,0.000000,0.000000,0.000000,0.000000,22.336558,114.268514,11.153000
1606433057.302000,2656,84257.302000,113,32,39.000000,0.000000,0.000000,37553394.860540,648.827637,0.000000,0.000000,0.000000,0.000000,22.336558,114.268514,11.153000
1606433057.302000,2656,84257.302000,131,32,45.000000,0.000000,0.000000,22873794.935637,802.495361,0.000000,0.000000,0.000000,0.000000,22.336558,114.268514,11.153000
1606433057.302000,2656,84257.302000,110,32,39.000000,0.000000,0.000000,37962842.498748,182.906250,0.000000,0.000000,0.000000,0.000000,22.336558,114.268514,11.153000
1606433057.302000,2656,84257.302000,118,32,46.000000,0.000000,0.000000,23126582.281742,-1781.466064,0.000000,0.000000,0.000000,0.000000,22.336558,114.268514,11.153000
1606433057.302000,2656,84257.302000,109,32,43.000000,0.000000,0.000000,22054815.980053,-657.235107,0.000000,0.000000,0.000000,0.000000,22.336558,114.268514,11.153000
1606433057.302000,2656,84257.302000,29,1,35.000000,0.000000,0.000000,23593294.982290,2373.906250,0.000000,0.000000,0.000000,0.000000,22.336558,114.268514,11.153000
1606433057.302000,2656,84257.302000,6,1,36.000000,0.000000,0.000000,24198857.298247,-2162.599854,0.000000,0.000000,0.000000,0.000000,22.336558,114.268514,11.153000
1606433057.302000,2656,84257.302000,105,32,40.000000,0.000000,0.000000,37832729.164539,265.166260,0.000000,0.000000,0.000000,0.000000,22.336558,114.268514,11.153000
1606433057.302000,2656,84257.302000,119,32,38.000000,0.000000,0.000000,26463606.390512,-3034.675293,0.000000,0.000000,0.000000,0.000000,22.336558,114.268514,11.153000
1606433057.302000,2656,84257.302000,7,1,29.000000,0.000000,0.000000,26792151.228578,-752.386963,0.000000,0.000000,0.000000,0.000000,22.336558,114.268514,11.153000
1606433057.402000,2656,84257.402000,13,1,43.000000,0.000000,0.000000,21236582.190154,1269.162109,0.000000,0.000000,0.000000,0.000000,22.336558,114.268514,11.153000
1606433057.402000,2656,84257.402000,5,1,39.000000,0.000000,0.000000,21780290.450979,-1345.379395,0.000000,0.000000,0.000000,0.000000,22.336558,114.268514,11.153000
1606433057.402000,2656,84257.402000,2,1,42.000000,0.000000,0.000000,22114807.333117,-76.335449,0.000000,0.000000,0.000000,0.000000,22.336558,114.268514,11.153000
1606433057.402000,2656,84257.402000,15,1,12.000000,0.000000,0.000000,22913670.217042,2808.551758,0.000000,0.000000,0.000000,0.000000,22.336558,114.268514,11.153000
1606433057.402000,2656,84257.402000,108,32,42.000000,0.000000,0.000000,24322668.563873,2060.534668,0.000000,0.000000,0.000000,0.000000,22.336558,114.268514,11.153000
1606433057.402000,2656,84257.402000,113,32,39.000000,0.000000,0.000000,37553382.403737,649.429199,0.000000,0.000000,0.000000,0.000000,22.336558,114.268514,11.153000
1606433057.402000,2656,84257.402000,131,32,45.000000,0.000000,0.000000,22873779.551246,803.346985,0.000000,0.000000,0.000000,0.000000,22.336558,114.268514,11.153000
1606433057.402000,2656,84257.402000,110,32,39.000000,0.000000,0.000000,37962838.981412,183.273193,0.000000,0.000000,0.000000,0.000000,22.336558,114.268514,11.153000
1606433057.402000,2656,84257.402000,118,32,46.000000,0.000000,0.000000,23126616.434052,-1779.926758,0.000000,0.000000,0.000000,0.000000,22.336558,114.268514,11.153000
1606433057.402000,2656,84257.402000,109,32,44.000000,0.000000,0.000000,22054828.524107,-656.380615,0.000000,0.000000,0.000000,0.000000,22.336558,114.268514,11.153000
1606433057.402000,2656,84257.402000,29,1,35.000000,0.000000,0.000000,23593249.805072,2374.529541,0.000000,0.000000,0.000000,0.000000,22.336558,114.268514,11.153000
1606433057.402000,2656,84257.402000,6,1,36.000000,0.000000,0.000000,24198898.437066,-2162.483643,0.000000,0.000000,0.000000,0.000000,22.336558,114.268514,11.153000
1606433057.402000,2656,84257.402000,105,32,40.000000,0.000000,0.000000,37832724.054208,266.127686,0.000000,0.000000,0.000000,0.000000,22.336558,114.268514,11.153000
1606433057.402000,2656,84257.402000,119,32,38.000000,0.000000,0.000000,26463664.371024,-3035.007080,0.000000,0.000000,0.000000,0.000000,22.336558,114.268514,11.153000
1606433057.402000,2656,84257.402000,7,1,29.000000,0.000000,0.000000,26792164.975580,-751.468994,0.000000,0.000000,0.000000,0.000000,22.336558,114.268514,11.153000
1606433057.502000,2656,84257.502000,13,1,43.000000,0.000000,0.000000,21236558.007642,1270.626221,0.000000,0.000000,0.000000,0.000000,22.336558,114.268514,11.153000
1606433057.502000,2656,84257.502000,5,1,39.000000,0.000000,0.000000,21780315.998308,-1343.439697,0.000000,0.000000,0.000000,0.000000,22.336558,114.268514,11.153000
1606433057.502000,2656,84257.502000,2,1,42.000000,0.000000,0.000000,22114808.726761,-73.898926,0.000000,0.000000,0.000000,0.000000,22.336558,114.268514,11.153000
1606433057.502000,2656,84257.502000,15,1,12.000000,0.000000,0.000000,22913616.566417,2808.551758,0.000000,0.000000,0.000000,0.000000,22.336558,114.268514,11.153000
1606433057.502000,2656,84257.502000,108,32,41.000000,0.000000,0.000000,24322628.975890,2062.286377,0.000000,0.000000,0.000000,0.000000,22.336558,114.268514,11.153000
1606433057.502000,2656,84257.502000,113,32,39.000000,0.000000,0.000000,37553369.914127,651.005371,0.000000,0.000000,0.000000,0.000000,22.336558,114.268514,11.153000
1606433057.502000,2656,84257.502000,131,32,45.000000,0.000000,0.000000,22873764.081767,805.448730,0.000000,0.000000,0.000000,0.000000,22.336558,114.268514,11.153000
1606433057.502000,2656,84257.502000,110,32,39.000000,0.000000,0.000000,37962835.389389,185.290543,0.000000,0.000000,0.000000,0.000000,22.336558,114.268514,11.153000
1606433057.502000,2656,84257.502000,118,32,47.000000,0.000000,0.000000,23126650.548250,-1777.942627,0.000000,0.000000,0.000000,0.000000,22.336558,114.268514,11.153000
1606433057.502000,2656,84257.502000,109,32,44.000000,0.000000,0.000000,22054841.107529,-654.307861,0.000000,0.000000,0.000000,0.000000,22.336558,114.268514,11.153000
1606433057.502000,2656,84257.502000,29,1,35.000000,0.000000,0.000000,23593204.615081,2375.014893,0.000000,0.000000,0.000000,0.000000,22.336558,114.268514,11.153000
1606433057.502000,2656,84257.502000,6,1,36.000000,0.000000,0.000000,24198939.514599,-2159.610107,0.000000,0.000000,0.000000,0.000000,22.336558,114.268514,11.153000
1606433057.502000,2656,84257.502000,105,32,40.000000,0.000000,0.000000,37832718.913234,267.715332,0.000000,0.000000,0.000000,0.000000,22.336558,114.268514,11.153000
1606433057.502000,2656,84257.502000,119,32,38.000000,0.000000,0.000000,26463723.339009,-3033.222412,0.000000,0.000000,0.000000,0.000000,22.336558,114.268514,11.153000
1606433057.502000,2656,84257.502000,7,1,29.000000,0.000000,0.000000,26792178.908951,-752.387207,0.000000,0.000000,0.000000,0.000000,22.336558,114.268514,11.153000
1606433057.602000,2656,84257.602000,13,1,43.000000,0.000000,0.000000,21236533.830854,1271.433105,0.000000,0.000000,0.000000,0.000000,22.336558,114.268514,11.153000
1606433057.602000,2656,84257.602000,5,1,39.000000,0.000000,0.000000,21780341.558968,-1344.058594,0.000000,0.000000,0.000000,0.000000,22.336558,114.268514,11.153000
1606433057.602000,2656,84257.602000,2,1,42.000000,0.000000,0.000000,22114810.114402,-73.691406,0.000000,0.000000,0.000000,0.000000,22.336558,114.268514,11.153000
1606433057.602000,2656,84257.602000,15,1,15.000000,0.000000,0.000000,22913563.133571,2808.551758,0.000000,0.000000,0.000000,0.000000,22.336558,114.268514,11.153000
1606433057.602000,2656,84257.602000,108,32,41.000000,0.000000,0.000000,24322589.397679,2062.304688,0.000000,0.000000,0.000000,0.000000,22.336558,114.268514,11.153000
1606433057.602000,2656,84257.602000,113,32,39.000000,0.000000,0.000000,37553357.387942,651.679932,0.000000,0.000000,0.000000,0.000000,22.336558,114.268514,11.153000
1606433057.602000,2656,84257.602000,131,32,45.000000,0.000000,0.000000,22873748.620944,805.496826,0.000000,0.000000,0.000000,0.000000,22.336558,114.268514,11.153000
1606433057.602000,2656,84257.602000,110,32,39.000000,0.000000,0.000000,37962831.807976,185.604736,0.000000,0.000000,0.000000,0.000000,22.336558,114.268514,11.153000
1606433057.602000,2656,84257.602000,118,32,46.000000,0.000000,0.000000,23126684.734344,-1778.046387,0.000000,0.000000,0.000000,0.000000,22.336558,114.268514,11.153000
1606433057.602000,2656,84257.602000,109,32,43.000000,0.000000,0.000000,22054853.681039,-654.128418,0.000000,0.000000,0.000000,0.000000,22.336558,114.268514,11.153000
1606433057.602000,2656,84257.602000,29,1,35.000000,0.000000,0.000000,23593159.446379,2375.463379,0.000000,0.000000,0.000000,0.000000,22.336558,114.268514,11.153000
1606433057.602000,2656,84257.602000,6,1,36.000000,0.000000,0.000000,24198980.629825,-2160.218994,0.000000,0.000000,0.000000,0.000000,22.336558,114.268514,11.153000
1606433057.602000,2656,84257.602000,105,32,40.000000,0.000000,0.000000,37832713.759417,268.606445,0.000000,0.000000,0.000000,0.000000,22.336558,114.268514,11.153000
1606433057.602000,2656,84257.602000,119,32,35.000000,0.000000,0.000000,26463780.406526,-3032.605957,0.000000,0.000000,0.000000,0.000000,22.336558,114.268514,11.153000
1606433057.602000,2656,84257.602000,7,1,30.000000,0.000000,0.000000,26792191.811432,-751.601562,0.000000,0.000000,0.000000,0.000000,22.336558,114.268514,11.153000
